Source,Target,Distance,s_lon,s_lat,t_lon,t_lat
Islamabad,Lahore,164.11,33.63573935,72.9230467027632,31.5655908,74.3141453
Islamabad,Karachi,679.12,33.63573935,72.9230467027632,25.147872,67.1821931713384
Islamabad,Mumbai,1011.84,33.63573935,72.9230467027632,18.9387711,72.8353355
Islamabad,Beijing,2425.51,33.63573935,72.9230467027632,39.906217,116.3912757
Islamabad,Tehran,1231.44,33.63573935,72.9230467027632,35.7006177,51.4013785
Islamabad,Kabul,223.38,33.63573935,72.9230467027632,34.5260131,69.1776476
Islamabad,Baku,1354.11,33.63573935,72.9230467027632,40.3754434,49.8326748
Islamabad,Dhaka,1256.49,33.63573935,72.9230467027632,23.7593572,90.3788136
Islamabad,Cairo,2447.42,33.63573935,72.9230467027632,30.048819,31.243666
Islamabad,Baghdad,1643.60,33.63573935,72.9230467027632,33.3024309,44.3787992
Islamabad,Tel Aviv,2208.46,33.63573935,72.9230467027632,32.0804808,34.7805274
Islamabad,Astana,1209.73,33.63573935,72.9230467027632,51.128258,71.43055
Islamabad,Kuwait City,1497.73,33.63573935,72.9230467027632,29.3797091,47.9735629
Islamabad,Tripoli,3408.46,33.63573935,72.9230467027632,32.896672,13.1777923
Islamabad,Muscat,1115.64,33.63573935,72.9230467027632,23.5125498,58.5514017715319
Islamabad,Riyadh,1695.69,33.63573935,72.9230467027632,24.6319692,46.7150648
Islamabad,Abu Dhabi,1341.16,33.63573935,72.9230467027632,23.99764435,53.6439097569213
Islamabad,Amman,2145.17,33.63573935,72.9230467027632,31.9515694,35.9239625
Islamabad,Moscow,2271.32,33.63573935,72.9230467027632,55.7507178,37.6176606
Islamabad,New York City,6897.91,33.63573935,72.9230467027632,40.7308619,-73.9871558
Islamabad,Istanbul,2447.13,33.63573935,72.9230467027632,41.0096334,28.9651646
Islamabad,Bangkok,2221.95,33.63573935,72.9230467027632,13.7538929,100.8160803
Islamabad,Geneva,3543.38,33.63573935,72.9230467027632,46.2017559,6.1466014
Islamabad,Colombo,1890.97,33.63573935,72.9230467027632,6.9218124,79.8655608840961
Lahore,Islamabad,164.11,31.5655908,74.3141453,33.63573935,72.9230467027632
Lahore,Karachi,619.39,31.5655908,74.3141453,25.147872,67.1821931713384
Lahore,Mumbai,874.05,31.5655908,74.3141453,18.9387711,72.8353355
Lahore,Beijing,2410.63,31.5655908,74.3141453,39.906217,116.3912757
Lahore,Tehran,1348.01,31.5655908,74.3141453,35.7006177,51.4013785
Lahore,Kabul,361.15,31.5655908,74.3141453,34.5260131,69.1776476
Lahore,Baku,1493.98,31.5655908,74.3141453,40.3754434,49.8326748
Lahore,Dhaka,1120.19,31.5655908,74.3141453,23.7593572,90.3788136
Lahore,Cairo,2546.60,31.5655908,74.3141453,30.048819,31.243666
Lahore,Baghdad,1747.46,31.5655908,74.3141453,33.3024309,44.3787992
Lahore,Tel Aviv,2312.67,31.5655908,74.3141453,32.0804808,34.7805274
Lahore,Astana,1358.07,31.5655908,74.3141453,51.128258,71.43055
Lahore,Kuwait City,1575.09,31.5655908,74.3141453,29.3797091,47.9735629
Lahore,Tripoli,3529.29,31.5655908,74.3141453,32.896672,13.1777923
Lahore,Muscat,1113.29,31.5655908,74.3141453,23.5125498,58.5514017715319
Lahore,Riyadh,1746.24,31.5655908,74.3141453,24.6319692,46.7150648
Lahore,Abu Dhabi,1365.99,31.5655908,74.3141453,23.99764435,53.6439097569213
Lahore,Amman,2248.04,31.5655908,74.3141453,31.9515694,35.9239625
Lahore,Moscow,2434.29,31.5655908,74.3141453,55.7507178,37.6176606
Lahore,New York City,7061.33,31.5655908,74.3141453,40.7308619,-73.9871558
Lahore,Istanbul,2583.15,31.5655908,74.3141453,41.0096334,28.9651646
Lahore,Bangkok,2079.37,31.5655908,74.3141453,13.7538929,100.8160803
Lahore,Geneva,3692.85,31.5655908,74.3141453,46.2017559,6.1466014
Lahore,Colombo,1732.82,31.5655908,74.3141453,6.9218124,79.8655608840961
Karachi,Islamabad,679.12,25.147872,67.1821931713384,33.63573935,72.9230467027632
Karachi,Lahore,619.39,25.147872,67.1821931713384,31.5655908,74.3141453
Karachi,Mumbai,560.18,25.147872,67.1821931713384,18.9387711,72.8353355
Karachi,Beijing,3005.04,25.147872,67.1821931713384,39.906217,116.3912757
Karachi,Tehran,1187.17,25.147872,67.1821931713384,35.7006177,51.4013785
Karachi,Kabul,656.93,25.147872,67.1821931713384,34.5260131,69.1776476
Karachi,Baku,1451.13,25.147872,67.1821931713384,40.3754434,49.8326748
Karachi,Dhaka,1462.77,25.147872,67.1821931713384,23.7593572,90.3788136
Karachi,Cairo,2221.18,25.147872,67.1821931713384,30.048819,31.243666
Karachi,Baghdad,1483.60,25.147872,67.1821931713384,33.3024309,44.3787992
Karachi,Tel Aviv,2017.86,25.147872,67.1821931713384,32.0804808,34.7805274
Karachi,Astana,1806.13,25.147872,67.1821931713384,51.128258,71.43055
Karachi,Kuwait City,1215.68,25.147872,67.1821931713384,29.3797091,47.9735629
Karachi,Tripoli,3277.39,25.147872,67.1821931713384,32.896672,13.1777923
Karachi,Muscat,555.69,25.147872,67.1821931713384,23.5125498,58.5514017715319
Karachi,Riyadh,1284.25,25.147872,67.1821931713384,24.6319692,46.7150648
Karachi,Abu Dhabi,855.44,25.147872,67.1821931713384,23.99764435,53.6439097569213
Karachi,Amman,1950.18,25.147872,67.1821931713384,31.9515694,35.9239625
Karachi,Moscow,2584.10,25.147872,67.1821931713384,55.7507178,37.6176606
Karachi,New York City,7260.66,25.147872,67.1821931713384,40.7308619,-73.9871558
Karachi,Istanbul,2446.07,25.147872,67.1821931713384,41.0096334,28.9651646
Karachi,Bangkok,2322.16,25.147872,67.1821931713384,13.7538929,100.8160803
Karachi,Geneva,3626.14,25.147872,67.1821931713384,46.2017559,6.1466014
Karachi,Colombo,1508.12,25.147872,67.1821931713384,6.9218124,79.8655608840961
Mumbai,Islamabad,1011.84,18.9387711,72.8353355,33.63573935,72.9230467027632
Mumbai,Lahore,874.05,18.9387711,72.8353355,31.5655908,74.3141453
Mumbai,Karachi,560.18,18.9387711,72.8353355,25.147872,67.1821931713384
Mumbai,Beijing,2957.54,18.9387711,72.8353355,39.906217,116.3912757
Mumbai,Tehran,1744.38,18.9387711,72.8353355,35.7006177,51.4013785
Mumbai,Kabul,1096.49,18.9387711,72.8353355,34.5260131,69.1776476
Mumbai,Baku,2011.06,18.9387711,72.8353355,40.3754434,49.8326748
Mumbai,Dhaka,1177.33,18.9387711,72.8353355,23.7593572,90.3788136
Mumbai,Cairo,2712.45,18.9387711,72.8353355,30.048819,31.243666
Mumbai,Baghdad,2016.00,18.9387711,72.8353355,33.3024309,44.3787992
Mumbai,Tel Aviv,2527.29,18.9387711,72.8353355,32.0804808,34.7805274
Mumbai,Astana,2220.54,18.9387711,72.8353355,51.128258,71.43055
Mumbai,Kuwait City,1721.51,18.9387711,72.8353355,29.3797091,47.9735629
Mumbai,Tripoli,3786.57,18.9387711,72.8353355,32.896672,13.1777923
Mumbai,Muscat,973.02,18.9387711,72.8353355,23.5125498,58.5514017715319
Mumbai,Riyadh,1720.61,18.9387711,72.8353355,24.6319692,46.7150648
Mumbai,Abu Dhabi,1282.69,18.9387711,72.8353355,23.99764435,53.6439097569213
Mumbai,Amman,2459.78,18.9387711,72.8353355,31.9515694,35.9239625
Mumbai,Moscow,3129.89,18.9387711,72.8353355,55.7507178,37.6176606
Mumbai,London,4478.89,18.9387711,72.8353355,51.5073219,-0.1276474
Mumbai,New York City,7808.03,18.9387711,72.8353355,40.7308619,-73.9871558
Mumbai,Istanbul,2995.19,18.9387711,72.8353355,41.0096334,28.9651646
Mumbai,Bangkok,1889.36,18.9387711,72.8353355,13.7538929,100.8160803
Mumbai,Geneva,4180.73,18.9387711,72.8353355,46.2017559,6.1466014
Mumbai,Colombo,951.94,18.9387711,72.8353355,6.9218124,79.8655608840961
Beijing,Islamabad,2425.51,39.906217,116.3912757,33.63573935,72.9230467027632
Beijing,Lahore,2410.63,39.906217,116.3912757,31.5655908,74.3141453
Beijing,Karachi,3005.04,39.906217,116.3912757,25.147872,67.1821931713384
Beijing,Mumbai,2957.54,39.906217,116.3912757,18.9387711,72.8353355
Beijing,Tehran,3488.88,39.906217,116.3912757,35.7006177,51.4013785
Beijing,Kabul,2599.83,39.906217,116.3912757,34.5260131,69.1776476
Beijing,Baku,3435.96,39.906217,116.3912757,40.3754434,49.8326748
Beijing,Dhaka,1879.89,39.906217,116.3912757,23.7593572,90.3788136
Beijing,Cairo,4696.23,39.906217,116.3912757,30.048819,31.243666
Beijing,Baghdad,3920.66,39.906217,116.3912757,33.3024309,44.3787992
Beijing,Tel Aviv,4444.10,39.906217,116.3912757,32.0804808,34.7805274
Beijing,Astana,2275.11,39.906217,116.3912757,51.128258,71.43055
Beijing,Kuwait City,3870.31,39.906217,116.3912757,29.3797091,47.9735629
Beijing,Tripoli,5428.39,39.906217,116.3912757,32.896672,13.1777923
Beijing,Muscat,3523.91,39.906217,116.3912757,23.5125498,58.5514017715319
Beijing,Riyadh,4108.88,39.906217,116.3912757,24.6319692,46.7150648
Beijing,Abu Dhabi,3766.35,39.906217,116.3912757,23.99764435,53.6439097569213
Beijing,Amman,4392.16,39.906217,116.3912757,31.9515694,35.9239625
Beijing,Moscow,3609.03,39.906217,116.3912757,55.7507178,37.6176606
Beijing,London,5071.63,39.906217,116.3912757,51.5073219,-0.1276474
Beijing,New York City,6842.98,39.906217,116.3912757,40.7308619,-73.9871558
Beijing,Istanbul,4395.06,39.906217,116.3912757,41.0096334,28.9651646
Beijing,Bangkok,2034.27,39.906217,116.3912757,13.7538929,100.8160803
Beijing,Geneva,5110.96,39.906217,116.3912757,46.2017559,6.1466014
Beijing,Colombo,3204.45,39.906217,116.3912757,6.9218124,79.8655608840961
Tehran,Islamabad,1231.44,35.7006177,51.4013785,33.63573935,72.9230467027632
Tehran,Lahore,1348.01,35.7006177,51.4013785,31.5655908,74.3141453
Tehran,Karachi,1187.17,35.7006177,51.4013785,25.147872,67.1821931713384
Tehran,Mumbai,1744.38,35.7006177,51.4013785,18.9387711,72.8353355
Tehran,Beijing,3488.88,35.7006177,51.4013785,39.906217,116.3912757
Tehran,Kabul,1008.81,35.7006177,51.4013785,34.5260131,69.1776476
Tehran,Baku,333.57,35.7006177,51.4013785,40.3754434,49.8326748
Tehran,Dhaka,2464.42,35.7006177,51.4013785,23.7593572,90.3788136
Tehran,Cairo,1232.48,35.7006177,51.4013785,30.048819,31.243666
Tehran,Baghdad,433.36,35.7006177,51.4013785,33.3024309,44.3787992
Tehran,Tel Aviv,986.01,35.7006177,51.4013785,32.0804808,34.7805274
Tehran,Astana,1456.94,35.7006177,51.4013785,51.128258,71.43055
Tehran,Kuwait City,479.22,35.7006177,51.4013785,29.3797091,47.9735629
Tehran,Tripoli,2181.32,35.7006177,51.4013785,32.896672,13.1777923
Tehran,Muscat,942.60,35.7006177,51.4013785,23.5125498,58.5514017715319
Tehran,Riyadh,812.09,35.7006177,51.4013785,24.6319692,46.7150648
Tehran,Abu Dhabi,817.19,35.7006177,51.4013785,23.99764435,53.6439097569213
Tehran,Amman,925.86,35.7006177,51.4013785,31.9515694,35.9239625
Tehran,Moscow,1530.31,35.7006177,51.4013785,55.7507178,37.6176606
Tehran,London,2737.75,35.7006177,51.4013785,51.5073219,-0.1276474
Tehran,New York City,6135.80,35.7006177,51.4013785,40.7308619,-73.9871558
Tehran,Istanbul,1268.29,35.7006177,51.4013785,41.0096334,28.9651646
Tehran,Bangkok,3409.44,35.7006177,51.4013785,13.7538929,100.8160803
Tehran,Geneva,2439.45,35.7006177,51.4013785,46.2017559,6.1466014
Tehran,Colombo,2678.63,35.7006177,51.4013785,6.9218124,79.8655608840961
Kabul,Islamabad,223.38,34.5260131,69.1776476,33.63573935,72.9230467027632
Kabul,Lahore,361.15,34.5260131,69.1776476,31.5655908,74.3141453
Kabul,Karachi,656.93,34.5260131,69.1776476,25.147872,67.1821931713384
Kabul,Mumbai,1096.49,34.5260131,69.1776476,18.9387711,72.8353355
Kabul,Beijing,2599.83,34.5260131,69.1776476,39.906217,116.3912757
Kabul,Tehran,1008.81,34.5260131,69.1776476,35.7006177,51.4013785
Kabul,Baku,1134.58,34.5260131,69.1776476,40.3754434,49.8326748
Kabul,Dhaka,1476.21,34.5260131,69.1776476,23.7593572,90.3788136
Kabul,Cairo,2228.60,34.5260131,69.1776476,30.048819,31.243666
Kabul,Baghdad,1423.94,34.5260131,69.1776476,33.3024309,44.3787992
Kabul,Tel Aviv,1988.12,34.5260131,69.1776476,32.0804808,34.7805274
Kabul,Astana,1151.58,34.5260131,69.1776476,51.128258,71.43055
Kabul,Kuwait City,1292.32,34.5260131,69.1776476,29.3797091,47.9735629
Kabul,Tripoli,3185.08,34.5260131,69.1776476,32.896672,13.1777923
Kabul,Muscat,993.17,34.5260131,69.1776476,23.5125498,58.5514017715319
Kabul,Riyadh,1509.49,34.5260131,69.1776476,24.6319692,46.7150648
Kabul,Abu Dhabi,1183.12,34.5260131,69.1776476,23.99764435,53.6439097569213
Kabul,Amman,1925.31,34.5260131,69.1776476,31.9515694,35.9239625
Kabul,Moscow,2094.41,34.5260131,69.1776476,55.7507178,37.6176606
Kabul,London,3554.63,34.5260131,69.1776476,51.5073219,-0.1276474
Kabul,New York City,6748.57,34.5260131,69.1776476,40.7308619,-73.9871558
Kabul,Istanbul,2226.15,34.5260131,69.1776476,41.0096334,28.9651646
Kabul,Bangkok,2438.98,34.5260131,69.1776476,13.7538929,100.8160803
Kabul,Geneva,3331.75,34.5260131,69.1776476,46.2017559,6.1466014
Kabul,Colombo,2017.99,34.5260131,69.1776476,6.9218124,79.8655608840961
Baku,Islamabad,1354.11,40.3754434,49.8326748,33.63573935,72.9230467027632
Baku,Lahore,1493.98,40.3754434,49.8326748,31.5655908,74.3141453
Baku,Karachi,1451.13,40.3754434,49.8326748,25.147872,67.1821931713384
Baku,Mumbai,2011.06,40.3754434,49.8326748,18.9387711,72.8353355
Baku,Beijing,3435.96,40.3754434,49.8326748,39.906217,116.3912757
Baku,Tehran,333.57,40.3754434,49.8326748,35.7006177,51.4013785
Baku,Kabul,1134.58,40.3754434,49.8326748,34.5260131,69.1776476
Baku,Dhaka,2610.38,40.3754434,49.8326748,23.7593572,90.3788136
Baku,Cairo,1265.76,40.3754434,49.8326748,30.048819,31.243666
Baku,Baghdad,573.52,40.3754434,49.8326748,33.3024309,44.3787992
Baku,Tel Aviv,1014.65,40.3754434,49.8326748,32.0804808,34.7805274
Baku,Astana,1273.53,40.3754434,49.8326748,51.128258,71.43055
Baku,Kuwait City,765.25,40.3754434,49.8326748,29.3797091,47.9735629
Baku,Tripoli,2085.18,40.3754434,49.8326748,32.896672,13.1777923
Baku,Muscat,1268.13,40.3754434,49.8326748,23.5125498,58.5514017715319
Baku,Riyadh,1099.83,40.3754434,49.8326748,24.6319692,46.7150648
Baku,Abu Dhabi,1150.09,40.3754434,49.8326748,23.99764435,53.6439097569213
Baku,Amman,968.59,40.3754434,49.8326748,31.9515694,35.9239625
Baku,Moscow,1199.46,40.3754434,49.8326748,55.7507178,37.6176606
Baku,London,2473.03,40.3754434,49.8326748,51.5073219,-0.1276474
Baku,New York City,5830.62,40.3754434,49.8326748,40.7308619,-73.9871558
Baku,Istanbul,1094.25,40.3754434,49.8326748,41.0096334,28.9651646
Baku,Bangkok,3573.28,40.3754434,49.8326748,13.7538929,100.8160803
Baku,Geneva,2210.66,40.3754434,49.8326748,46.2017559,6.1466014
Baku,Colombo,2957.79,40.3754434,49.8326748,6.9218124,79.8655608840961
Dhaka,Islamabad,1256.49,23.7593572,90.3788136,33.63573935,72.9230467027632
Dhaka,Lahore,1120.19,23.7593572,90.3788136,31.5655908,74.3141453
Dhaka,Karachi,1462.77,23.7593572,90.3788136,25.147872,67.1821931713384
Dhaka,Mumbai,1177.33,23.7593572,90.3788136,18.9387711,72.8353355
Dhaka,Beijing,1879.89,23.7593572,90.3788136,39.906217,116.3912757
Dhaka,Tehran,2464.42,23.7593572,90.3788136,35.7006177,51.4013785
Dhaka,Kabul,1476.21,23.7593572,90.3788136,34.5260131,69.1776476
Dhaka,Baku,2610.38,23.7593572,90.3788136,40.3754434,49.8326748
Dhaka,Cairo,3636.60,23.7593572,90.3788136,30.048819,31.243666
Dhaka,Baghdad,2850.16,23.7593572,90.3788136,33.3024309,44.3787992
Dhaka,Tel Aviv,3411.95,23.7593572,90.3788136,32.0804808,34.7805274
Dhaka,Astana,2141.70,23.7593572,90.3788136,51.128258,71.43055
Dhaka,Kuwait City,2639.32,23.7593572,90.3788136,29.3797091,47.9735629
Dhaka,Tripoli,4644.59,23.7593572,90.3788136,32.896672,13.1777923
Dhaka,Muscat,2013.72,23.7593572,90.3788136,23.5125498,58.5514017715319
Dhaka,Riyadh,2745.33,23.7593572,90.3788136,24.6319692,46.7150648
Dhaka,Abu Dhabi,2318.07,23.7593572,90.3788136,23.99764435,53.6439097569213
Dhaka,Amman,3345.83,23.7593572,90.3788136,31.9515694,35.9239625
Dhaka,Moscow,3447.47,23.7593572,90.3788136,55.7507178,37.6176606
Dhaka,London,4977.76,23.7593572,90.3788136,51.5073219,-0.1276474
Dhaka,New York City,7881.95,23.7593572,90.3788136,40.7308619,-73.9871558
Dhaka,Istanbul,3702.26,23.7593572,90.3788136,41.0096334,28.9651646
Dhaka,Bangkok,969.28,23.7593572,90.3788136,13.7538929,100.8160803
Dhaka,Geneva,4792.20,23.7593572,90.3788136,46.2017559,6.1466014
Dhaka,Colombo,1352.04,23.7593572,90.3788136,6.9218124,79.8655608840961
Cairo,Islamabad,2447.42,30.048819,31.243666,33.63573935,72.9230467027632
Cairo,Lahore,2546.60,30.048819,31.243666,31.5655908,74.3141453
Cairo,Karachi,2221.18,30.048819,31.243666,25.147872,67.1821931713384
Cairo,Mumbai,2712.45,30.048819,31.243666,18.9387711,72.8353355
Cairo,Beijing,4696.23,30.048819,31.243666,39.906217,116.3912757
Cairo,Tehran,1232.48,30.048819,31.243666,35.7006177,51.4013785
Cairo,Kabul,2228.60,30.048819,31.243666,34.5260131,69.1776476
Cairo,Baku,1265.76,30.048819,31.243666,40.3754434,49.8326748
Cairo,Dhaka,3636.60,30.048819,31.243666,23.7593572,90.3788136
Cairo,Baghdad,805.08,30.048819,31.243666,33.3024309,44.3787992
Cairo,Tel Aviv,252.13,30.048819,31.243666,32.0804808,34.7805274
Cairo,Astana,2518.38,30.048819,31.243666,51.128258,71.43055
Cairo,Kuwait City,1006.04,30.048819,31.243666,29.3797091,47.9735629
Cairo,Tripoli,1083.24,30.048819,31.243666,32.896672,13.1777923
Cairo,Muscat,1741.65,30.048819,31.243666,23.5125498,58.5514017715319
Cairo,Riyadh,1020.63,30.048819,31.243666,24.6319692,46.7150648
Cairo,Abu Dhabi,1439.84,30.048819,31.243666,23.99764435,53.6439097569213
Cairo,Amman,307.08,30.048819,31.243666,31.9515694,35.9239625
Cairo,Moscow,1801.65,30.048819,31.243666,55.7507178,37.6176606
Cairo,London,2183.54,30.048819,31.243666,51.5073219,-0.1276474
Cairo,New York City,5616.46,30.048819,31.243666,40.7308619,-73.9871558
Cairo,Istanbul,766.41,30.048819,31.243666,41.0096334,28.9651646
Cairo,Bangkok,4540.74,30.048819,31.243666,13.7538929,100.8160803
Cairo,Geneva,1750.41,30.048819,31.243666,46.2017559,6.1466014
Cairo,Colombo,3529.59,30.048819,31.243666,6.9218124,79.8655608840961
Baghdad,Islamabad,1643.60,33.3024309,44.3787992,33.63573935,72.9230467027632
Baghdad,Lahore,1747.46,33.3024309,44.3787992,31.5655908,74.3141453
Baghdad,Karachi,1483.60,33.3024309,44.3787992,25.147872,67.1821931713384
Baghdad,Mumbai,2016.00,33.3024309,44.3787992,18.9387711,72.8353355
Baghdad,Beijing,3920.66,33.3024309,44.3787992,39.906217,116.3912757
Baghdad,Tehran,433.36,33.3024309,44.3787992,35.7006177,51.4013785
Baghdad,Kabul,1423.94,33.3024309,44.3787992,34.5260131,69.1776476
Baghdad,Baku,573.52,33.3024309,44.3787992,40.3754434,49.8326748
Baghdad,Dhaka,2850.16,33.3024309,44.3787992,23.7593572,90.3788136
Baghdad,Cairo,805.08,33.3024309,44.3787992,30.048819,31.243666
Baghdad,Tel Aviv,565.39,33.3024309,44.3787992,32.0804808,34.7805274
Baghdad,Astana,1835.64,33.3024309,44.3787992,51.128258,71.43055
Baghdad,Kuwait City,343.77,33.3024309,44.3787992,29.3797091,47.9735629
Baghdad,Tripoli,1803.18,33.3024309,44.3787992,32.896672,13.1777923
Baghdad,Muscat,1093.12,33.3024309,44.3787992,23.5125498,58.5514017715319
Baghdad,Riyadh,613.61,33.3024309,44.3787992,24.6319692,46.7150648
Baghdad,Abu Dhabi,852.02,33.3024309,44.3787992,23.99764435,53.6439097569213
Baghdad,Amman,501.58,33.3024309,44.3787992,31.9515694,35.9239625
Baghdad,Moscow,1583.79,33.3024309,44.3787992,55.7507178,37.6176606
Baghdad,London,2547.01,33.3024309,44.3787992,51.5073219,-0.1276474
Baghdad,New York City,6004.45,33.3024309,44.3787992,40.7308619,-73.9871558
Baghdad,Istanbul,1000.86,33.3024309,44.3787992,41.0096334,28.9651646
Baghdad,Bangkok,3775.72,33.3024309,44.3787992,13.7538929,100.8160803
Baghdad,Geneva,2195.19,33.3024309,44.3787992,46.2017559,6.1466014
Baghdad,Colombo,2908.06,33.3024309,44.3787992,6.9218124,79.8655608840961
Tel Aviv,Islamabad,2208.46,32.0804808,34.7805274,33.63573935,72.9230467027632
Tel Aviv,Lahore,2312.67,32.0804808,34.7805274,31.5655908,74.3141453
Tel Aviv,Karachi,2017.86,32.0804808,34.7805274,25.147872,67.1821931713384
Tel Aviv,Mumbai,2527.29,32.0804808,34.7805274,18.9387711,72.8353355
Tel Aviv,Beijing,4444.10,32.0804808,34.7805274,39.906217,116.3912757
Tel Aviv,Tehran,986.01,32.0804808,34.7805274,35.7006177,51.4013785
Tel Aviv,Kabul,1988.12,32.0804808,34.7805274,34.5260131,69.1776476
Tel Aviv,Baku,1014.65,32.0804808,34.7805274,40.3754434,49.8326748
Tel Aviv,Dhaka,3411.95,32.0804808,34.7805274,23.7593572,90.3788136
Tel Aviv,Cairo,252.13,32.0804808,34.7805274,30.048819,31.243666
Tel Aviv,Baghdad,565.39,32.0804808,34.7805274,33.3024309,44.3787992
Tel Aviv,Astana,2272.54,32.0804808,34.7805274,51.128258,71.43055
Tel Aviv,Kuwait City,806.27,32.0804808,34.7805274,29.3797091,47.9735629
Tel Aviv,Tripoli,1260.69,32.0804808,34.7805274,32.896672,13.1777923
Tel Aviv,Muscat,1566.15,32.0804808,34.7805274,23.5125498,58.5514017715319
Tel Aviv,Riyadh,888.72,32.0804808,34.7805274,24.6319692,46.7150648
Tel Aviv,Abu Dhabi,1277.22,32.0804808,34.7805274,23.99764435,53.6439097569213
Tel Aviv,Amman,67.71,32.0804808,34.7805274,31.9515694,35.9239625
Tel Aviv,Moscow,1640.01,32.0804808,34.7805274,55.7507178,37.6176606
Tel Aviv,London,2212.72,32.0804808,34.7805274,51.5073219,-0.1276474
Tel Aviv,New York City,5674.81,32.0804808,34.7805274,40.7308619,-73.9871558
Tel Aviv,Istanbul,695.11,32.0804808,34.7805274,41.0096334,28.9651646
Tel Aviv,Bangkok,4328.64,32.0804808,34.7805274,13.7538929,100.8160803
Tel Aviv,Geneva,1805.33,32.0804808,34.7805274,46.2017559,6.1466014
Tel Aviv,Colombo,3375.86,32.0804808,34.7805274,6.9218124,79.8655608840961
Astana,Islamabad,1209.73,51.128258,71.43055,33.63573935,72.9230467027632
Astana,Lahore,1358.07,51.128258,71.43055,31.5655908,74.3141453
Astana,Karachi,1806.13,51.128258,71.43055,25.147872,67.1821931713384
Astana,Mumbai,2220.54,51.128258,71.43055,18.9387711,72.8353355
Astana,Beijing,2275.11,51.128258,71.43055,39.906217,116.3912757
Astana,Tehran,1456.94,51.128258,71.43055,35.7006177,51.4013785
Astana,Kabul,1151.58,51.128258,71.43055,34.5260131,69.1776476
Astana,Baku,1273.53,51.128258,71.43055,40.3754434,49.8326748
Astana,Dhaka,2141.70,51.128258,71.43055,23.7593572,90.3788136
Astana,Cairo,2518.38,51.128258,71.43055,30.048819,31.243666
Astana,Baghdad,1835.64,51.128258,71.43055,33.3024309,44.3787992
Astana,Tel Aviv,2272.54,51.128258,71.43055,32.0804808,34.7805274
Astana,Kuwait City,1929.17,51.128258,71.43055,29.3797091,47.9735629
Astana,Tripoli,3154.46,51.128258,71.43055,32.896672,13.1777923
Astana,Muscat,2025.46,51.128258,71.43055,23.5125498,58.5514017715319
Astana,Riyadh,2249.76,51.128258,71.43055,24.6319692,46.7150648
Astana,Abu Dhabi,2098.01,51.128258,71.43055,23.99764435,53.6439097569213
Astana,Amman,2232.81,51.128258,71.43055,31.9515694,35.9239625
Astana,Moscow,1417.09,51.128258,71.43055,55.7507178,37.6176606
Astana,London,2971.21,51.128258,71.43055,51.5073219,-0.1276474
Astana,New York City,5771.76,51.128258,71.43055,40.7308619,-73.9871558
Astana,Istanbul,2123.60,51.128258,71.43055,41.0096334,28.9651646
Astana,Bangkok,3053.89,51.128258,71.43055,13.7538929,100.8160803
Astana,Geneva,2908.06,51.128258,71.43055,46.2017559,6.1466014
Astana,Colombo,3083.64,51.128258,71.43055,6.9218124,79.8655608840961
Kuwait City,Islamabad,1497.73,29.3797091,47.9735629,33.63573935,72.9230467027632
Kuwait City,Lahore,1575.09,29.3797091,47.9735629,31.5655908,74.3141453
Kuwait City,Karachi,1215.68,29.3797091,47.9735629,25.147872,67.1821931713384
Kuwait City,Mumbai,1721.51,29.3797091,47.9735629,18.9387711,72.8353355
Kuwait City,Beijing,3870.31,29.3797091,47.9735629,39.906217,116.3912757
Kuwait City,Tehran,479.22,29.3797091,47.9735629,35.7006177,51.4013785
Kuwait City,Kabul,1292.32,29.3797091,47.9735629,34.5260131,69.1776476
Kuwait City,Baku,765.25,29.3797091,47.9735629,40.3754434,49.8326748
Kuwait City,Dhaka,2639.32,29.3797091,47.9735629,23.7593572,90.3788136
Kuwait City,Cairo,1006.04,29.3797091,47.9735629,30.048819,31.243666
Kuwait City,Baghdad,343.77,29.3797091,47.9735629,33.3024309,44.3787992
Kuwait City,Tel Aviv,806.27,29.3797091,47.9735629,32.0804808,34.7805274
Kuwait City,Astana,1929.17,29.3797091,47.9735629,51.128258,71.43055
Kuwait City,Tripoli,2066.79,29.3797091,47.9735629,32.896672,13.1777923
Kuwait City,Muscat,769.41,29.3797091,47.9735629,23.5125498,58.5514017715319
Kuwait City,Riyadh,335.96,29.3797091,47.9735629,24.6319692,46.7150648
Kuwait City,Abu Dhabi,509.99,29.3797091,47.9735629,23.99764435,53.6439097569213
Kuwait City,Amman,738.64,29.3797091,47.9735629,31.9515694,35.9239625
Kuwait City,Moscow,1890.66,29.3797091,47.9735629,55.7507178,37.6176606
Kuwait City,London,2888.00,29.3797091,47.9735629,51.5073219,-0.1276474
Kuwait City,New York City,6347.83,29.3797091,47.9735629,40.7308619,-73.9871558
Kuwait City,Istanbul,1336.55,29.3797091,47.9735629,41.0096334,28.9651646
Kuwait City,Bangkok,3534.81,29.3797091,47.9735629,13.7538929,100.8160803
Kuwait City,Geneva,2527.93,29.3797091,47.9735629,46.2017559,6.1466014
Kuwait City,Colombo,2587.79,29.3797091,47.9735629,6.9218124,79.8655608840961
Tripoli,Islamabad,3408.46,32.896672,13.1777923,33.63573935,72.9230467027632
Tripoli,Lahore,3529.29,32.896672,13.1777923,31.5655908,74.3141453
Tripoli,Karachi,3277.39,32.896672,13.1777923,25.147872,67.1821931713384
Tripoli,Mumbai,3786.57,32.896672,13.1777923,18.9387711,72.8353355
Tripoli,Beijing,5428.39,32.896672,13.1777923,39.906217,116.3912757
Tripoli,Tehran,2181.32,32.896672,13.1777923,35.7006177,51.4013785
Tripoli,Kabul,3185.08,32.896672,13.1777923,34.5260131,69.1776476
Tripoli,Baku,2085.18,32.896672,13.1777923,40.3754434,49.8326748
Tripoli,Dhaka,4644.59,32.896672,13.1777923,23.7593572,90.3788136
Tripoli,Cairo,1083.24,32.896672,13.1777923,30.048819,31.243666
Tripoli,Baghdad,1803.18,32.896672,13.1777923,33.3024309,44.3787992
Tripoli,Tel Aviv,1260.69,32.896672,13.1777923,32.0804808,34.7805274
Tripoli,Astana,3154.46,32.896672,13.1777923,51.128258,71.43055
Tripoli,Kuwait City,2066.79,32.896672,13.1777923,29.3797091,47.9735629
Tripoli,Muscat,2820.15,32.896672,13.1777923,23.5125498,58.5514017715319
Tripoli,Riyadh,2103.30,32.896672,13.1777923,24.6319692,46.7150648
Tripoli,Abu Dhabi,2521.78,32.896672,13.1777923,23.99764435,53.6439097569213
Tripoli,Amman,1328.39,32.896672,13.1777923,31.9515694,35.9239625
Tripoli,Moscow,1967.39,32.896672,13.1777923,55.7507178,37.6176606
Tripoli,London,1449.47,32.896672,13.1777923,51.5073219,-0.1276474
Tripoli,New York City,4660.58,32.896672,13.1777923,40.7308619,-73.9871558
Tripoli,Istanbul,1034.98,32.896672,13.1777923,41.0096334,28.9651646
Tripoli,Bangkok,5578.62,32.896672,13.1777923,13.7538929,100.8160803
Tripoli,Geneva,990.74,32.896672,13.1777923,46.2017559,6.1466014
Tripoli,Colombo,4612.50,32.896672,13.1777923,6.9218124,79.8655608840961
Muscat,Islamabad,1115.64,23.5125498,58.5514017715319,33.63573935,72.9230467027632
Muscat,Lahore,1113.29,23.5125498,58.5514017715319,31.5655908,74.3141453
Muscat,Karachi,555.69,23.5125498,58.5514017715319,25.147872,67.1821931713384
Muscat,Mumbai,973.02,23.5125498,58.5514017715319,18.9387711,72.8353355
Muscat,Beijing,3523.91,23.5125498,58.5514017715319,39.906217,116.3912757
Muscat,Tehran,942.60,23.5125498,58.5514017715319,35.7006177,51.4013785
Muscat,Kabul,993.17,23.5125498,58.5514017715319,34.5260131,69.1776476
Muscat,Baku,1268.13,23.5125498,58.5514017715319,40.3754434,49.8326748
Muscat,Dhaka,2013.72,23.5125498,58.5514017715319,23.7593572,90.3788136
Muscat,Cairo,1741.65,23.5125498,58.5514017715319,30.048819,31.243666
Muscat,Baghdad,1093.12,23.5125498,58.5514017715319,33.3024309,44.3787992
Muscat,Tel Aviv,1566.15,23.5125498,58.5514017715319,32.0804808,34.7805274
Muscat,Astana,2025.46,23.5125498,58.5514017715319,51.128258,71.43055
Muscat,Kuwait City,769.41,23.5125498,58.5514017715319,29.3797091,47.9735629
Muscat,Tripoli,2820.15,23.5125498,58.5514017715319,32.896672,13.1777923
Muscat,Riyadh,751.66,23.5125498,58.5514017715319,24.6319692,46.7150648
Muscat,Abu Dhabi,312.63,23.5125498,58.5514017715319,23.99764435,53.6439097569213
Muscat,Amman,1499.29,23.5125498,58.5514017715319,31.9515694,35.9239625
Muscat,Moscow,2466.92,23.5125498,58.5514017715319,55.7507178,37.6176606
Muscat,London,3630.67,23.5125498,58.5514017715319,51.5073219,-0.1276474
Muscat,New York City,7066.25,23.5125498,58.5514017715319,40.7308619,-73.9871558
Muscat,Istanbul,2093.63,23.5125498,58.5514017715319,41.0096334,28.9651646
Muscat,Bangkok,2840.34,23.5125498,58.5514017715319,13.7538929,100.8160803
Muscat,Geneva,3288.21,23.5125498,58.5514017715319,46.2017559,6.1466014
Muscat,Colombo,1818.57,23.5125498,58.5514017715319,6.9218124,79.8655608840961
Riyadh,Islamabad,1695.69,24.6319692,46.7150648,33.63573935,72.9230467027632
Riyadh,Lahore,1746.24,24.6319692,46.7150648,31.5655908,74.3141453
Riyadh,Karachi,1284.25,24.6319692,46.7150648,25.147872,67.1821931713384
Riyadh,Mumbai,1720.61,24.6319692,46.7150648,18.9387711,72.8353355
Riyadh,Beijing,4108.88,24.6319692,46.7150648,39.906217,116.3912757
Riyadh,Tehran,812.09,24.6319692,46.7150648,35.7006177,51.4013785
Riyadh,Kabul,1509.49,24.6319692,46.7150648,34.5260131,69.1776476
Riyadh,Baku,1099.83,24.6319692,46.7150648,40.3754434,49.8326748
Riyadh,Dhaka,2745.33,24.6319692,46.7150648,23.7593572,90.3788136
Riyadh,Cairo,1020.63,24.6319692,46.7150648,30.048819,31.243666
Riyadh,Baghdad,613.61,24.6319692,46.7150648,33.3024309,44.3787992
Riyadh,Tel Aviv,888.72,24.6319692,46.7150648,32.0804808,34.7805274
Riyadh,Astana,2249.76,24.6319692,46.7150648,51.128258,71.43055
Riyadh,Kuwait City,335.96,24.6319692,46.7150648,29.3797091,47.9735629
Riyadh,Tripoli,2103.30,24.6319692,46.7150648,32.896672,13.1777923
Riyadh,Muscat,751.66,24.6319692,46.7150648,23.5125498,58.5514017715319
Riyadh,Abu Dhabi,439.13,24.6319692,46.7150648,23.99764435,53.6439097569213
Riyadh,Amman,827.84,24.6319692,46.7150648,31.9515694,35.9239625
Riyadh,Moscow,2196.26,24.6319692,46.7150648,55.7507178,37.6176606
Riyadh,London,3077.57,24.6319692,46.7150648,51.5073219,-0.1276474
Riyadh,New York City,6546.47,24.6319692,46.7150648,40.7308619,-73.9871558
Riyadh,Istanbul,1523.66,24.6319692,46.7150648,41.0096334,28.9651646
Riyadh,Bangkok,3591.47,24.6319692,46.7150648,13.7538929,100.8160803
Riyadh,Geneva,2686.92,24.6319692,46.7150648,46.2017559,6.1466014
Riyadh,Colombo,2509.20,24.6319692,46.7150648,6.9218124,79.8655608840961
Abu Dhabi,Islamabad,1341.16,23.99764435,53.6439097569213,33.63573935,72.9230467027632
Abu Dhabi,Lahore,1365.99,23.99764435,53.6439097569213,31.5655908,74.3141453
Abu Dhabi,Karachi,855.44,23.99764435,53.6439097569213,25.147872,67.1821931713384
Abu Dhabi,Mumbai,1282.69,23.99764435,53.6439097569213,18.9387711,72.8353355
Abu Dhabi,Beijing,3766.35,23.99764435,53.6439097569213,39.906217,116.3912757
Abu Dhabi,Tehran,817.19,23.99764435,53.6439097569213,35.7006177,51.4013785
Abu Dhabi,Kabul,1183.12,23.99764435,53.6439097569213,34.5260131,69.1776476
Abu Dhabi,Baku,1150.09,23.99764435,53.6439097569213,40.3754434,49.8326748
Abu Dhabi,Dhaka,2318.07,23.99764435,53.6439097569213,23.7593572,90.3788136
Abu Dhabi,Cairo,1439.84,23.99764435,53.6439097569213,30.048819,31.243666
Abu Dhabi,Baghdad,852.02,23.99764435,53.6439097569213,33.3024309,44.3787992
Abu Dhabi,Tel Aviv,1277.22,23.99764435,53.6439097569213,32.0804808,34.7805274
Abu Dhabi,Astana,2098.01,23.99764435,53.6439097569213,51.128258,71.43055
Abu Dhabi,Kuwait City,509.99,23.99764435,53.6439097569213,29.3797091,47.9735629
Abu Dhabi,Tripoli,2521.78,23.99764435,53.6439097569213,32.896672,13.1777923
Abu Dhabi,Muscat,312.63,23.99764435,53.6439097569213,23.5125498,58.5514017715319
Abu Dhabi,Riyadh,439.13,23.99764435,53.6439097569213,24.6319692,46.7150648
Abu Dhabi,Amman,1211.58,23.99764435,53.6439097569213,31.9515694,35.9239625
Abu Dhabi,Moscow,2337.70,23.99764435,53.6439097569213,55.7507178,37.6176606
Abu Dhabi,London,3397.97,23.99764435,53.6439097569213,51.5073219,-0.1276474
Abu Dhabi,New York City,6856.08,23.99764435,53.6439097569213,40.7308619,-73.9871558
Abu Dhabi,Istanbul,1845.91,23.99764435,53.6439097569213,41.0096334,28.9651646
Abu Dhabi,Bangkok,3152.91,23.99764435,53.6439097569213,13.7538929,100.8160803
Abu Dhabi,Geneva,3035.37,23.99764435,53.6439097569213,46.2017559,6.1466014
Abu Dhabi,Colombo,2098.65,23.99764435,53.6439097569213,6.9218124,79.8655608840961
Amman,Islamabad,2145.17,31.9515694,35.9239625,33.63573935,72.9230467027632
Amman,Lahore,2248.04,31.9515694,35.9239625,31.5655908,74.3141453
Amman,Karachi,1950.18,31.9515694,35.9239625,25.147872,67.1821931713384
Amman,Mumbai,2459.78,31.9515694,35.9239625,18.9387711,72.8353355
Amman,Beijing,4392.16,31.9515694,35.9239625,39.906217,116.3912757
Amman,Tehran,925.86,31.9515694,35.9239625,35.7006177,51.4013785
Amman,Kabul,1925.31,31.9515694,35.9239625,34.5260131,69.1776476
Amman,Baku,968.59,31.9515694,35.9239625,40.3754434,49.8326748
Amman,Dhaka,3345.83,31.9515694,35.9239625,23.7593572,90.3788136
Amman,Cairo,307.08,31.9515694,35.9239625,30.048819,31.243666
Amman,Baghdad,501.58,31.9515694,35.9239625,33.3024309,44.3787992
Amman,Tel Aviv,67.71,31.9515694,35.9239625,32.0804808,34.7805274
Amman,Astana,2232.81,31.9515694,35.9239625,51.128258,71.43055
Amman,Kuwait City,738.64,31.9515694,35.9239625,29.3797091,47.9735629
Amman,Tripoli,1328.39,31.9515694,35.9239625,32.896672,13.1777923
Amman,Muscat,1499.29,31.9515694,35.9239625,23.5125498,58.5514017715319
Amman,Riyadh,827.84,31.9515694,35.9239625,24.6319692,46.7150648
Amman,Abu Dhabi,1211.58,31.9515694,35.9239625,23.99764435,53.6439097569213
Amman,Moscow,1645.17,31.9515694,35.9239625,55.7507178,37.6176606
Amman,London,2264.66,31.9515694,35.9239625,51.5073219,-0.1276474
Amman,New York City,5729.39,31.9515694,35.9239625,40.7308619,-73.9871558
Amman,Istanbul,734.41,31.9515694,35.9239625,41.0096334,28.9651646
Amman,Bangkok,4261.41,31.9515694,35.9239625,13.7538929,100.8160803
Amman,Geneva,1862.00,31.9515694,35.9239625,46.2017559,6.1466014
Amman,Colombo,3310.08,31.9515694,35.9239625,6.9218124,79.8655608840961
Moscow,Islamabad,2271.32,55.7507178,37.6176606,33.63573935,72.9230467027632
Moscow,Lahore,2434.29,55.7507178,37.6176606,31.5655908,74.3141453
Moscow,Karachi,2584.10,55.7507178,37.6176606,25.147872,67.1821931713384
Moscow,Mumbai,3129.89,55.7507178,37.6176606,18.9387711,72.8353355
Moscow,Beijing,3609.03,55.7507178,37.6176606,39.906217,116.3912757
Moscow,Tehran,1530.31,55.7507178,37.6176606,35.7006177,51.4013785
Moscow,Kabul,2094.41,55.7507178,37.6176606,34.5260131,69.1776476
Moscow,Baku,1199.46,55.7507178,37.6176606,40.3754434,49.8326748
Moscow,Dhaka,3447.47,55.7507178,37.6176606,23.7593572,90.3788136
Moscow,Cairo,1801.65,55.7507178,37.6176606,30.048819,31.243666
Moscow,Baghdad,1583.79,55.7507178,37.6176606,33.3024309,44.3787992
Moscow,Tel Aviv,1640.01,55.7507178,37.6176606,32.0804808,34.7805274
Moscow,Astana,1417.09,55.7507178,37.6176606,51.128258,71.43055
Moscow,Kuwait City,1890.66,55.7507178,37.6176606,29.3797091,47.9735629
Moscow,Tripoli,1967.39,55.7507178,37.6176606,32.896672,13.1777923
Moscow,Muscat,2466.92,55.7507178,37.6176606,23.5125498,58.5514017715319
Moscow,Riyadh,2196.26,55.7507178,37.6176606,24.6319692,46.7150648
Moscow,Abu Dhabi,2337.70,55.7507178,37.6176606,23.99764435,53.6439097569213
Moscow,Amman,1645.17,55.7507178,37.6176606,31.9515694,35.9239625
Moscow,London,1558.79,55.7507178,37.6176606,51.5073219,-0.1276474
Moscow,New York City,4678.28,55.7507178,37.6176606,40.7308619,-73.9871558
Moscow,Istanbul,1091.61,55.7507178,37.6176606,41.0096334,28.9651646
Moscow,Bangkok,4402.69,55.7507178,37.6176606,13.7538929,100.8160803
Moscow,Geneva,1506.32,55.7507178,37.6176606,46.2017559,6.1466014
Moscow,Colombo,4080.40,55.7507178,37.6176606,6.9218124,79.8655608840961
London,Mumbai,4478.89,51.5073219,-0.1276474,18.9387711,72.8353355
London,Beijing,5071.63,51.5073219,-0.1276474,39.906217,116.3912757
London,Tehran,2737.75,51.5073219,-0.1276474,35.7006177,51.4013785
London,Kabul,3554.63,51.5073219,-0.1276474,34.5260131,69.1776476
London,Baku,2473.03,51.5073219,-0.1276474,40.3754434,49.8326748
London,Dhaka,4977.76,51.5073219,-0.1276474,23.7593572,90.3788136
London,Cairo,2183.54,51.5073219,-0.1276474,30.048819,31.243666
London,Baghdad,2547.01,51.5073219,-0.1276474,33.3024309,44.3787992
London,Tel Aviv,2212.72,51.5073219,-0.1276474,32.0804808,34.7805274
London,Astana,2971.21,51.5073219,-0.1276474,51.128258,71.43055
London,Kuwait City,2888.00,51.5073219,-0.1276474,29.3797091,47.9735629
London,Tripoli,1449.47,51.5073219,-0.1276474,32.896672,13.1777923
London,Muscat,3630.67,51.5073219,-0.1276474,23.5125498,58.5514017715319
London,Riyadh,3077.57,51.5073219,-0.1276474,24.6319692,46.7150648
London,Abu Dhabi,3397.97,51.5073219,-0.1276474,23.99764435,53.6439097569213
London,Amman,2264.66,51.5073219,-0.1276474,31.9515694,35.9239625
London,Moscow,1558.79,51.5073219,-0.1276474,55.7507178,37.6176606
London,New York City,3468.96,51.5073219,-0.1276474,40.7308619,-73.9871558
London,Istanbul,1556.66,51.5073219,-0.1276474,41.0096334,28.9651646
London,Bangkok,5942.56,51.5073219,-0.1276474,13.7538929,100.8160803
London,Geneva,464.68,51.5073219,-0.1276474,46.2017559,6.1466014
London,Colombo,5416.20,51.5073219,-0.1276474,6.9218124,79.8655608840961
New York City,Islamabad,6897.91,40.7308619,-73.9871558,33.63573935,72.9230467027632
New York City,Lahore,7061.33,40.7308619,-73.9871558,31.5655908,74.3141453
New York City,Karachi,7260.66,40.7308619,-73.9871558,25.147872,67.1821931713384
New York City,Mumbai,7808.03,40.7308619,-73.9871558,18.9387711,72.8353355
New York City,Beijing,6842.98,40.7308619,-73.9871558,39.906217,116.3912757
New York City,Tehran,6135.80,40.7308619,-73.9871558,35.7006177,51.4013785
New York City,Kabul,6748.57,40.7308619,-73.9871558,34.5260131,69.1776476
New York City,Baku,5830.62,40.7308619,-73.9871558,40.3754434,49.8326748
New York City,Dhaka,7881.95,40.7308619,-73.9871558,23.7593572,90.3788136
New York City,Cairo,5616.46,40.7308619,-73.9871558,30.048819,31.243666
New York City,Baghdad,6004.45,40.7308619,-73.9871558,33.3024309,44.3787992
New York City,Tel Aviv,5674.81,40.7308619,-73.9871558,32.0804808,34.7805274
New York City,Astana,5771.76,40.7308619,-73.9871558,51.128258,71.43055
New York City,Kuwait City,6347.83,40.7308619,-73.9871558,29.3797091,47.9735629
New York City,Tripoli,4660.58,40.7308619,-73.9871558,32.896672,13.1777923
New York City,Muscat,7066.25,40.7308619,-73.9871558,23.5125498,58.5514017715319
New York City,Riyadh,6546.47,40.7308619,-73.9871558,24.6319692,46.7150648
New York City,Abu Dhabi,6856.08,40.7308619,-73.9871558,23.99764435,53.6439097569213
New York City,Amman,5729.39,40.7308619,-73.9871558,31.9515694,35.9239625
New York City,Moscow,4678.28,40.7308619,-73.9871558,55.7507178,37.6176606
New York City,London,3468.96,40.7308619,-73.9871558,51.5073219,-0.1276474
New York City,Istanbul,5024.81,40.7308619,-73.9871558,41.0096334,28.9651646
New York City,Bangkok,8667.21,40.7308619,-73.9871558,13.7538929,100.8160803
New York City,Geneva,3871.64,40.7308619,-73.9871558,46.2017559,6.1466014
New York City,Colombo,8757.31,40.7308619,-73.9871558,6.9218124,79.8655608840961
Istanbul,Islamabad,2447.13,41.0096334,28.9651646,33.63573935,72.9230467027632
Istanbul,Lahore,2583.15,41.0096334,28.9651646,31.5655908,74.3141453
Istanbul,Karachi,2446.07,41.0096334,28.9651646,25.147872,67.1821931713384
Istanbul,Mumbai,2995.19,41.0096334,28.9651646,18.9387711,72.8353355
Istanbul,Beijing,4395.06,41.0096334,28.9651646,39.906217,116.3912757
Istanbul,Tehran,1268.29,41.0096334,28.9651646,35.7006177,51.4013785
Istanbul,Kabul,2226.15,41.0096334,28.9651646,34.5260131,69.1776476
Istanbul,Baku,1094.25,41.0096334,28.9651646,40.3754434,49.8326748
Istanbul,Dhaka,3702.26,41.0096334,28.9651646,23.7593572,90.3788136
Istanbul,Cairo,766.41,41.0096334,28.9651646,30.048819,31.243666
Istanbul,Baghdad,1000.86,41.0096334,28.9651646,33.3024309,44.3787992
Istanbul,Tel Aviv,695.11,41.0096334,28.9651646,32.0804808,34.7805274
Istanbul,Astana,2123.60,41.0096334,28.9651646,51.128258,71.43055
Istanbul,Kuwait City,1336.55,41.0096334,28.9651646,29.3797091,47.9735629
Istanbul,Tripoli,1034.98,41.0096334,28.9651646,32.896672,13.1777923
Istanbul,Muscat,2093.63,41.0096334,28.9651646,23.5125498,58.5514017715319
Istanbul,Riyadh,1523.66,41.0096334,28.9651646,24.6319692,46.7150648
Istanbul,Abu Dhabi,1845.91,41.0096334,28.9651646,23.99764435,53.6439097569213
Istanbul,Amman,734.41,41.0096334,28.9651646,31.9515694,35.9239625
Istanbul,Moscow,1091.61,41.0096334,28.9651646,55.7507178,37.6176606
Istanbul,London,1556.66,41.0096334,28.9651646,51.5073219,-0.1276474
Istanbul,New York City,5024.81,41.0096334,28.9651646,40.7308619,-73.9871558
Istanbul,Bangkok,4661.33,41.0096334,28.9651646,13.7538929,100.8160803
Istanbul,Geneva,1194.68,41.0096334,28.9651646,46.2017559,6.1466014
Istanbul,Colombo,3904.71,41.0096334,28.9651646,6.9218124,79.8655608840961
Bangkok,Islamabad,2221.95,13.7538929,100.8160803,33.63573935,72.9230467027632
Bangkok,Lahore,2079.37,13.7538929,100.8160803,31.5655908,74.3141453
Bangkok,Karachi,2322.16,13.7538929,100.8160803,25.147872,67.1821931713384
Bangkok,Mumbai,1889.36,13.7538929,100.8160803,18.9387711,72.8353355
Bangkok,Beijing,2034.27,13.7538929,100.8160803,39.906217,116.3912757
Bangkok,Tehran,3409.44,13.7538929,100.8160803,35.7006177,51.4013785
Bangkok,Kabul,2438.98,13.7538929,100.8160803,34.5260131,69.1776476
Bangkok,Baku,3573.28,13.7538929,100.8160803,40.3754434,49.8326748
Bangkok,Dhaka,969.28,13.7538929,100.8160803,23.7593572,90.3788136
Bangkok,Cairo,4540.74,13.7538929,100.8160803,30.048819,31.243666
Bangkok,Baghdad,3775.72,13.7538929,100.8160803,33.3024309,44.3787992
Bangkok,Tel Aviv,4328.64,13.7538929,100.8160803,32.0804808,34.7805274
Bangkok,Astana,3053.89,13.7538929,100.8160803,51.128258,71.43055
Bangkok,Kuwait City,3534.81,13.7538929,100.8160803,29.3797091,47.9735629
Bangkok,Tripoli,5578.62,13.7538929,100.8160803,32.896672,13.1777923
Bangkok,Muscat,2840.34,13.7538929,100.8160803,23.5125498,58.5514017715319
Bangkok,Riyadh,3591.47,13.7538929,100.8160803,24.6319692,46.7150648
Bangkok,Abu Dhabi,3152.91,13.7538929,100.8160803,23.99764435,53.6439097569213
Bangkok,Amman,4261.41,13.7538929,100.8160803,31.9515694,35.9239625
Bangkok,Moscow,4402.69,13.7538929,100.8160803,55.7507178,37.6176606
Bangkok,London,5942.56,13.7538929,100.8160803,51.5073219,-0.1276474
Bangkok,New York City,8667.21,13.7538929,100.8160803,40.7308619,-73.9871558
Bangkok,Istanbul,4661.33,13.7538929,100.8160803,41.0096334,28.9651646
Bangkok,Geneva,5761.38,13.7538929,100.8160803,46.2017559,6.1466014
Bangkok,Colombo,1500.00,13.7538929,100.8160803,6.9218124,79.8655608840961
Geneva,Islamabad,3543.38,46.2017559,6.1466014,33.63573935,72.9230467027632
Geneva,Lahore,3692.85,46.2017559,6.1466014,31.5655908,74.3141453
Geneva,Karachi,3626.14,46.2017559,6.1466014,25.147872,67.1821931713384
Geneva,Mumbai,4180.73,46.2017559,6.1466014,18.9387711,72.8353355
Geneva,Beijing,5110.96,46.2017559,6.1466014,39.906217,116.3912757
Geneva,Tehran,2439.45,46.2017559,6.1466014,35.7006177,51.4013785
Geneva,Kabul,3331.75,46.2017559,6.1466014,34.5260131,69.1776476
Geneva,Baku,2210.66,46.2017559,6.1466014,40.3754434,49.8326748
Geneva,Dhaka,4792.20,46.2017559,6.1466014,23.7593572,90.3788136
Geneva,Cairo,1750.41,46.2017559,6.1466014,30.048819,31.243666
Geneva,Baghdad,2195.19,46.2017559,6.1466014,33.3024309,44.3787992
Geneva,Tel Aviv,1805.33,46.2017559,6.1466014,32.0804808,34.7805274
Geneva,Astana,2908.06,46.2017559,6.1466014,51.128258,71.43055
Geneva,Kuwait City,2527.93,46.2017559,6.1466014,29.3797091,47.9735629
Geneva,Tripoli,990.74,46.2017559,6.1466014,32.896672,13.1777923
Geneva,Muscat,3288.21,46.2017559,6.1466014,23.5125498,58.5514017715319
Geneva,Riyadh,2686.92,46.2017559,6.1466014,24.6319692,46.7150648
Geneva,Abu Dhabi,3035.37,46.2017559,6.1466014,23.99764435,53.6439097569213
Geneva,Amman,1862.00,46.2017559,6.1466014,31.9515694,35.9239625
Geneva,Moscow,1506.32,46.2017559,6.1466014,55.7507178,37.6176606
Geneva,London,464.68,46.2017559,6.1466014,51.5073219,-0.1276474
Geneva,New York City,3871.64,46.2017559,6.1466014,40.7308619,-73.9871558
Geneva,Istanbul,1194.68,46.2017559,6.1466014,41.0096334,28.9651646
Geneva,Bangkok,5761.38,46.2017559,6.1466014,13.7538929,100.8160803
Geneva,Colombo,5098.26,46.2017559,6.1466014,6.9218124,79.8655608840961
Colombo,Islamabad,1890.97,6.9218124,79.8655608840961,33.63573935,72.9230467027632
Colombo,Lahore,1732.82,6.9218124,79.8655608840961,31.5655908,74.3141453
Colombo,Karachi,1508.12,6.9218124,79.8655608840961,25.147872,67.1821931713384
Colombo,Mumbai,951.94,6.9218124,79.8655608840961,18.9387711,72.8353355
Colombo,Beijing,3204.45,6.9218124,79.8655608840961,39.906217,116.3912757
Colombo,Tehran,2678.63,6.9218124,79.8655608840961,35.7006177,51.4013785
Colombo,Kabul,2017.99,6.9218124,79.8655608840961,34.5260131,69.1776476
Colombo,Baku,2957.79,6.9218124,79.8655608840961,40.3754434,49.8326748
Colombo,Dhaka,1352.04,6.9218124,79.8655608840961,23.7593572,90.3788136
Colombo,Cairo,3529.59,6.9218124,79.8655608840961,30.048819,31.243666
Colombo,Baghdad,2908.06,6.9218124,79.8655608840961,33.3024309,44.3787992
Colombo,Tel Aviv,3375.86,6.9218124,79.8655608840961,32.0804808,34.7805274
Colombo,Astana,3083.64,6.9218124,79.8655608840961,51.128258,71.43055
Colombo,Kuwait City,2587.79,6.9218124,79.8655608840961,29.3797091,47.9735629
Colombo,Tripoli,4612.50,6.9218124,79.8655608840961,32.896672,13.1777923
Colombo,Muscat,1818.57,6.9218124,79.8655608840961,23.5125498,58.5514017715319
Colombo,Riyadh,2509.20,6.9218124,79.8655608840961,24.6319692,46.7150648
Colombo,Abu Dhabi,2098.65,6.9218124,79.8655608840961,23.99764435,53.6439097569213
Colombo,Amman,3310.08,6.9218124,79.8655608840961,31.9515694,35.9239625
Colombo,Moscow,4080.40,6.9218124,79.8655608840961,55.7507178,37.6176606
Colombo,London,5416.20,6.9218124,79.8655608840961,51.5073219,-0.1276474
Colombo,New York City,8757.31,6.9218124,79.8655608840961,40.7308619,-73.9871558
Colombo,Istanbul,3904.71,6.9218124,79.8655608840961,41.0096334,28.9651646
Colombo,Bangkok,1500.00,6.9218124,79.8655608840961,13.7538929,100.8160803
Colombo,Geneva,5098.26,6.9218124,79.8655608840961,46.2017559,6.1466014
